{
    "simulation": {
        "nodes": [
            1,
            1
        ],
        "grid": [
            128,
            256
        ],
        "max_mode": 1,
        "box": {
            "r": [
                0.0,
                989.3179468704692
            ],
            "z": [
                -329.77264895682305,
                923.3634170791046
            ]
        },
        "field_boundary": "open",
        "time": 13190.905958272922,
        "dt": 1319.0905958272922,
        "interpolation": "linear",
        "n0": 1.74e+21,
        "nbeams": 2,
        "nspecies": 3,
        "nneutrals": 0,
        "nlasers": 0,
        "iter_max": 1,
        "iter_reltol": 0.001,
        "iter_abstol": 0.001,
        "dump_restart": false,
        "read_restart": false,
        "verbose": 1,
        "if_timing": false,
        "random_seed": 10,
        "algorithm": "standard"
    },
    "beam": [
        {
            "npmax": 1000000,
            "ppc": [
                2,
                2,
                2
            ],
            "num_theta": 8,
            "evolution": true,
            "quiet_start": true,
            "geometry": "cartesian",
            "q": -1.0,
            "m": 1.0,
            "density": 0.0009195402298356032,
            "profile": [
                "gaussian",
                "gaussian",
                "gaussian"
            ],
            "gamma": 20000.0,
            "gauss_center": [
                0.0,
                0.0,
                -0.0
            ],
            "gauss_sigma": [
                43.661898721883375,
                43.661898721883375,
                63.316348599710025
            ],
            "uth": [
                10.0,
                10.0,
                0.0
            ],
            "range1": [
                -218.30949360941688,
                218.30949360941688
            ],
            "range2": [
                -218.30949360941688,
                218.30949360941688
            ],
            "range3": [
                -316.5817429985501,
                316.5817429985501
            ],
            "diag": [
                {
                    "name": [
                        "charge_cyl_m"
                    ],
                    "ndump": 1
                },
                {
                    "name": [
                        "raw"
                    ],
                    "ndump": 1,
                    "psample": 20
                }
            ]
        },
        {
            "npmax": 1000000,
            "ppc": [
                2,
                2,
                2
            ],
            "num_theta": 8,
            "evolution": true,
            "quiet_start": true,
            "geometry": "cartesian",
            "q": -1.0,
            "m": 1.0,
            "density": 0.0057471264339116895,
            "profile": [
                "gaussian",
                "gaussian",
                "gaussian"
            ],
            "gamma": 20000.0,
            "gauss_center": [
                0.0,
                0.0,
                732.0952806841472
            ],
            "gauss_sigma": [
                13.533869513188018,
                13.533869513188018,
                31.658174299855013
            ],
            "uth": [
                10.0,
                10.0,
                0.0
            ],
            "range1": [
                -67.66934756594009,
                67.66934756594009
            ],
            "range2": [
                -67.66934756594009,
                67.66934756594009
            ],
            "range3": [
                573.8044091848722,
                890.3861521834222
            ],
            "diag": [
                {
                    "name": [
                        "charge_cyl_m"
                    ],
                    "ndump": 1
                },
                {
                    "name": [
                        "raw"
                    ],
                    "ndump": 1,
                    "psample": 20
                }
            ]
        }
    ],
    "species": [
        {
            "npmax": 1000000,
            "ppc": [
                2,
                2
            ],
            "num_theta": 8,
            "push_type": "standard_pgc",
            "q": -1.0,
            "m": 1.0,
            "density": 1.0,
            "profile": [
                "analytic",
                "analytic"
            ],
            "uth": [
                0.0,
                0.0,
                0.0
            ],
            "math_func": "1.e23 *(1+tanh(((1.2739563497996776e-07* z)-20.e-6)/10.e-6))/2.0/1.74e+27",
            "diag": [
                {
                    "name": [
                        "charge_cyl_m"
                    ],
                    "ndump": 1
                }
            ]
        },
        {
            "npmax": 1000000,
            "ppc": [
                2,
                2
            ],
            "num_theta": 8,
            "push_type": "standard_pgc",
            "q": 1.0,
            "m": 7295.295853865013,
            "density": 0.047619047619047616,
            "profile": [
                "analytic",
                "analytic"
            ],
            "uth": [
                0.0,
                0.0,
                0.0
            ],
            "math_func": "1.e23 *(1+tanh(((1.2739563497996776e-07* z)-20.e-6)/10.e-6))/2.0/1.74e+27",
            "diag": [
                {
                    "name": [
                        "charge_cyl_m"
                    ],
                    "ndump": 1
                }
            ]
        },
        {
            "npmax": 1000000,
            "ppc": [
                2,
                2
            ],
            "num_theta": 8,
            "push_type": "standard_pgc",
            "q": 5.0,
            "m": 72820.73676665184,
            "density": 0.19047619047619047,
            "profile": [
                "analytic",
                "analytic"
            ],
            "uth": [
                0.0,
                0.0,
                0.0
            ],
            "math_func": "1.e23 *(1+tanh(((1.2739563497996776e-07* z)-20.e-6)/10.e-6))/2.0/1.74e+27",
            "diag": [
                {
                    "name": [
                        "charge_cyl_m"
                    ],
                    "ndump": 1
                }
            ]
        }
    ],
    "laser": [
        {
            "profile": [
                "gaussian",
                "polynomial"
            ],
            "a0": 4.0,
            "k0": 1.0005629773811842,
            "w0": 39.24781253915192,
            "iteration": 3,
            "focal_distance": 784.9562507830385,
            "t_rise": 22.92116530954982,
            "t_fall": 22.92116530954982,
            "t_flat": 0,
            "lon_center": -0.04887341706000408
        }
    ],
    "field": {
        "diag": [
            {
                "name": [
                    "er_cyl_m",
                    "ephi_cyl_m",
                    "ez_cyl_m",
                    "psi_cyl_m"
                ],
                "ndump": 1
            }
        ]
    }
}